[
  {
    "id": "90bb5721-54ed-4b03-ba20-189d1f0b67dd",
    "data": [
      {
        "text": "tell me about ",
        "userDefined": false
      },
      {
        "text": "ip",
        "meta": "@course_entity",
        "alias": "course_entity",
        "userDefined": false
      }
    ],
    "isTemplate": false,
    "count": 0,
    "lang": "en",
    "updated": 0
  },
  {
    "id": "5e6d6309-4fb2-4f1e-beb7-47e20b61824e",
    "data": [
      {
        "text": "I want to know about ",
        "userDefined": false
      },
      {
        "text": "Oop",
        "meta": "@course_entity",
        "alias": "course_entity",
        "userDefined": true
      }
    ],
    "isTemplate": false,
    "count": 0,
    "lang": "en",
    "updated": 0
  },
  {
    "id": "e3e67cab-06bc-4e56-9247-08b32a96e415",
    "data": [
      {
        "text": "Hello. I want to know about ",
        "userDefined": false
      },
      {
        "text": "Oop",
        "meta": "@course_entity",
        "alias": "course_entity",
        "userDefined": true
      }
    ],
    "isTemplate": false,
    "count": 0,
    "lang": "en",
    "updated": 0
  },
  {
    "id": "9f2b387a-4c5a-404f-b519-b828bf893176",
    "data": [
      {
        "text": "Hi! I want to know about ",
        "userDefined": false
      },
      {
        "text": "Oop",
        "meta": "@course_entity",
        "alias": "course_entity",
        "userDefined": false
      }
    ],
    "isTemplate": false,
    "count": 0,
    "lang": "en",
    "updated": 0
  },
  {
    "id": "326b2e74-e1c7-4837-8c9a-de2f43f69e61",
    "data": [
      {
        "text": "Oop",
        "meta": "@course_entity",
        "alias": "course_entity",
        "userDefined": false
      }
    ],
    "isTemplate": false,
    "count": 0,
    "lang": "en",
    "updated": 0
  }
]