[
  {
    "id": "ba7dcaa6-df5e-4e52-b6eb-d69bdd027223",
    "data": [
      {
        "text": "काफ़ी दिनों से बात नहीं हुई",
        "userDefined": false
      }
    ],
    "isTemplate": false,
    "count": 0,
    "lang": "hi",
    "updated": 0
  },
  {
    "id": "cad071b2-6b05-4c71-9fb4-a5b9563c0336",
    "data": [
      {
        "text": "नमस्कार",
        "userDefined": false
      }
    ],
    "isTemplate": false,
    "count": 1,
    "lang": "hi",
    "updated": 0
  },
  {
    "id": "01d5c963-3b9a-40da-8103-417247a9fedf",
    "data": [
      {
        "text": "नमस्ते",
        "userDefined": false
      }
    ],
    "isTemplate": false,
    "count": 3,
    "lang": "hi",
    "updated": 0
  },
  {
    "id": "50f65563-ecc3-4451-907e-72ba48ff186d",
    "data": [
      {
        "text": "क्या हाल है",
        "userDefined": false
      }
    ],
    "isTemplate": false,
    "count": 0,
    "lang": "hi",
    "updated": 0
  },
  {
    "id": "1f7b53ca-f739-4ab9-8b49-8f3a89e5dd79",
    "data": [
      {
        "text": "सुनो, क्या हाल है",
        "userDefined": false
      }
    ],
    "isTemplate": false,
    "count": 0,
    "lang": "hi",
    "updated": 0
  },
  {
    "id": "ee92231d-cfda-44bb-8f8c-b5acc22dff1d",
    "data": [
      {
        "text": "मेरी तरफ़ से नमस्ते",
        "userDefined": false
      }
    ],
    "isTemplate": false,
    "count": 0,
    "lang": "hi",
    "updated": 0
  }
]