[
  {
    "id": "292eab8b-09f0-4d10-ace4-7cf39fafba88",
    "data": [
      {
        "text": "How can you help me with?",
        "userDefined": false
      }
    ],
    "isTemplate": false,
    "count": 0,
    "lang": "en",
    "updated": 0
  },
  {
    "id": "807ae584-c5c5-41ac-9486-ed2c34004138",
    "data": [
      {
        "text": "What all can you do",
        "userDefined": false
      }
    ],
    "isTemplate": false,
    "count": 0,
    "lang": "en",
    "updated": 0
  },
  {
    "id": "8adcbda7-df00-488b-b36e-659acbbda4c0",
    "data": [
      {
        "text": "How can you assist me?",
        "userDefined": false
      }
    ],
    "isTemplate": false,
    "count": 0,
    "lang": "en",
    "updated": 0
  },
  {
    "id": "bce92f0e-fd35-4132-9f86-0755304d29f2",
    "data": [
      {
        "text": "what are the different functions that you",
        "meta": "@sys.ignore",
        "userDefined": true
      },
      {
        "text": " ",
        "userDefined": false
      },
      {
        "text": "provide",
        "meta": "@sys.ignore",
        "userDefined": true
      }
    ],
    "isTemplate": false,
    "count": 0,
    "lang": "en",
    "updated": 0
  }
]