[
  {
    "id": "b4f010e2-4895-496d-bc7d-c55711633605",
    "data": [
      {
        "text": "what electives are available during the ",
        "userDefined": false
      },
      {
        "text": "odd semester",
        "meta": "@period_entity",
        "alias": "period_entity",
        "userDefined": true
      }
    ],
    "isTemplate": false,
    "count": 0,
    "lang": "en",
    "updated": 0
  },
  {
    "id": "74c77a47-9b46-41a9-882f-e49f116758dd",
    "data": [
      {
        "text": "what ",
        "userDefined": false
      },
      {
        "text": "electives",
        "meta": "@sys.ignore",
        "userDefined": false
      },
      {
        "text": " are available during an ",
        "userDefined": false
      },
      {
        "text": "even semester",
        "meta": "@period_entity",
        "alias": "period_entity",
        "userDefined": true
      }
    ],
    "isTemplate": false,
    "count": 0,
    "lang": "en",
    "updated": 0
  },
  {
    "id": "03a28975-7973-445b-b7ab-274d13777c46",
    "data": [
      {
        "text": "what electives are available",
        "meta": "@sys.ignore",
        "userDefined": true
      }
    ],
    "isTemplate": false,
    "count": 0,
    "lang": "en",
    "updated": 0
  },
  {
    "id": "66ec9c6d-0630-4126-ab23-2c0ac85fac8c",
    "data": [
      {
        "text": "what ",
        "userDefined": false
      },
      {
        "text": "electives",
        "meta": "@sys.ignore",
        "userDefined": true
      },
      {
        "text": " are ",
        "userDefined": false
      },
      {
        "text": "available",
        "meta": "@sys.ignore",
        "userDefined": true
      },
      {
        "text": " ",
        "userDefined": false
      },
      {
        "text": "this semester",
        "meta": "@period_entity",
        "alias": "period_entity",
        "userDefined": true
      }
    ],
    "isTemplate": false,
    "count": 0,
    "lang": "en",
    "updated": 0
  }
]