[
  {
    "id": "ee8e0c37-61ad-45fa-ae5f-c4ff8543c791",
    "data": [
      {
        "text": "What can I ask you ?",
        "userDefined": false
      }
    ],
    "isTemplate": false,
    "count": 0,
    "lang": "en",
    "updated": 0
  },
  {
    "id": "ecaeb8ba-8c86-4512-80b4-02c3772a6eb8",
    "data": [
      {
        "text": "Please help me.",
        "userDefined": false
      }
    ],
    "isTemplate": false,
    "count": 0,
    "lang": "en",
    "updated": 0
  },
  {
    "id": "87cd72d9-f9d4-4383-8c7f-6f8df77f4d47",
    "data": [
      {
        "text": "how can you help me ?",
        "userDefined": false
      }
    ],
    "isTemplate": false,
    "count": 0,
    "lang": "en",
    "updated": 0
  },
  {
    "id": "3beaee2f-7458-4a85-8dac-18701d3dbd23",
    "data": [
      {
        "text": "What can you do for me ?",
        "userDefined": false
      }
    ],
    "isTemplate": false,
    "count": 0,
    "lang": "en",
    "updated": 0
  },
  {
    "id": "b1e194b6-6968-402f-9cd0-d6d3ceff4faa",
    "data": [
      {
        "text": "What can you do ?",
        "userDefined": false
      }
    ],
    "isTemplate": false,
    "count": 0,
    "lang": "en",
    "updated": 0
  }
]