[
  {
    "value": "IC",
    "synonyms": [
      "IC",
      "Instructor-in-charge",
      "faculty",
      "professor",
      "teacher"
    ]
  },
  {
    "value": "Units",
    "synonyms": [
      "Units",
      "credits"
    ]
  },
  {
    "value": "Code",
    "synonyms": [
      "Course No",
      "course code",
      "code",
      "no",
      "number",
      "course number"
    ]
  },
  {
    "value": "Compre",
    "synonyms": [
      "Compre",
      "compre",
      "compre date",
      "compre exam",
      "exam"
    ]
  },
  {
    "value": "Textbook",
    "synonyms": [
      "Textbook",
      "book"
    ]
  },
  {
    "value": "PRE",
    "synonyms": [
      "PRE",
      "prereq",
      "prereq course",
      "prerequired"
    ]
  },
  {
    "value": "CO",
    "synonyms": [
      "CO",
      "co required",
      "co req",
      "co req course"
    ]
  }
]